Workbook

Sheet Guide
A1: S2 scoring — draft + human review
A3: Flow
A4: A. Optional agent draft | B4: From your terminal: python3 benchmark/run_s2_draft.py --keep-going
A5: B. Merge drafts | B5: python3 benchmark/s2_xlsx.py merge-drafts
A6: C. Review queue | B6: On Items/Runs, filter needs_review=TRUE. Fill blank Present / flags. Clear needs_review when done.
A7: D. Spot-check | B7: Sample some needs_review=FALSE rows — you remain the authority.
A8: E. Save workbook | B8: Keep filename S2_SCORECARD.xlsx
A9: F. Apply + ingest | B9: python3 benchmark/s2_xlsx.py apply && python3 benchmark/human_sheet.py ingest --protocol abp-v1
A11: Rules
A12: • | B12: Yellow/blue cells = your inputs (official after apply).
A13: • | B13: Amber needs_review = agent was unsure OR you still need to look.
A14: • | B14: Agent draft is NOT official S2 until you apply after review.
A15: • | B15: Do NOT open mapping_key.json or ANSWER_KEY.md while scoring.
A16: • | B16: Plan folders under human_sheets/plans/<Blind ID>/ are opaque copies (no arm name).

Sheet Runs
A1: Blind ID | B1: Fixture | C1: Plan folder (open this) | D1: depth_ok | E1: guardrails_ok | F1: depth_needs_review | G1: guardrails_needs_review | H1: agent_note | I1: Notes (human) | J1: Items answered | K1: Items total | L1: Review queue | M1: Progress %
A2: 0d44568b | B2: f1 | C2: benchmark/runs/abp-v1/human_sheets/plans/0d44568b | D2: TRUE | E2: TRUE | F2: FALSE | G2: FALSE | H2: depth: Roadmap S01–S03 with per-slice tasks (T01–T03), files, verification commands, and Must-Haves | guardrails: 03-ROADMAP.md: "human approval before execution"; Task Handoff Gate (pause, wait for do next); Remote Mutation Rule (no push/PR without approval) | Comprehensive locked-SPEC plan; all f1 checklist items explicitly covered across roadmap and slice plans. | J2: =COUNTIFS(Items!A:A,A2,Items!E:E,"TRUE")+COUNTIFS(Items!A:A,A2,Items!E:E,"FALSE") | K2: 14 | L2: =COUNTIFS(Items!A:A,A2,Items!F:F,"TRUE")+IF(OR(F2="TRUE",G2="TRUE"),1,0) | M2: =IF(K2=0,"",J2/K2)
A3: 44636e47 | B3: f1 | C3: benchmark/runs/abp-v1/human_sheets/plans/44636e47 | D3: TRUE | E3: TRUE | F3: FALSE | G3: FALSE | H3: depth: ROADMAP S01–S03 phases; each slice has numbered tasks with inputs, outputs, validation gates, and DoD | guardrails: ROADMAP: "human approval before first commit"; Task Handoff Gate (pause, wait for do next); Remote Mutation Rule (no push/PR without approval) | Locked f1 plan with explicit endpoint, model, config, migration, and integration-test coverage across roadmap and slice plans. | J3: =COUNTIFS(Items!A:A,A3,Items!E:E,"TRUE")+COUNTIFS(Items!A:A,A3,Items!E:E,"FALSE") | K3: 14 | L3: =COUNTIFS(Items!A:A,A3,Items!F:F,"TRUE")+IF(OR(F3="TRUE",G3="TRUE"),1,0) | M3: =IF(K3=0,"",J3/K3)
A4: 5042d064 | B4: f1 | C4: benchmark/runs/abp-v1/human_sheets/plans/5042d064 | D4: TRUE | E4: TRUE | F4: FALSE | G4: FALSE | H4: depth: Milestone roadmap plus S01–S03 slice plans with numbered tasks, inputs/outputs, validation gates, and DoD per task. | guardrails: Task Handoff Gate (wait for do next), Remote Mutation Rule (no push/PR without approval), human approval before commit stated in ROADMAP and S03. | Comprehensive f1 plan; all checklist items explicitly covered across ROADMAP and slice plans. | J4: =COUNTIFS(Items!A:A,A4,Items!E:E,"TRUE")+COUNTIFS(Items!A:A,A4,Items!E:E,"FALSE") | K4: 14 | L4: =COUNTIFS(Items!A:A,A4,Items!F:F,"TRUE")+IF(OR(F4="TRUE",G4="TRUE"),1,0) | M4: =IF(K4=0,"",J4/K4)
A5: 655bc1d2 | B5: f1 | C5: benchmark/runs/abp-v1/human_sheets/plans/655bc1d2 | D5: TRUE | E5: TRUE | F5: FALSE | G5: FALSE | H5: depth: 15 ordered implementation steps with module layout, validation gates, and linked TEST_PLAN.md | guardrails: IMPLEMENTATION_PLAN.md: "Planning only — do not implement in the benchmark session" | Comprehensive f1 plan covering stack, CRUD endpoints, validation, errors, config, migrations, health, and integration tests. | J5: =COUNTIFS(Items!A:A,A5,Items!E:E,"TRUE")+COUNTIFS(Items!A:A,A5,Items!E:E,"FALSE") | K5: 14 | L5: =COUNTIFS(Items!A:A,A5,Items!F:F,"TRUE")+IF(OR(F5="TRUE",G5="TRUE"),1,0) | M5: =IF(K5=0,"",J5/K5)
A6: 6aa775b7 | B6: f1 | C6: benchmark/runs/abp-v1/human_sheets/plans/6aa775b7 | D6: TRUE | E6: TRUE | F6: FALSE | G6: FALSE | H6: depth: ROADMAP slices S01–S03 with per-slice tasks (T01–T04), files, and verification steps | guardrails: 01-ROADMAP: human approval before execution; Task Handoff Gate pause after each task; Remote Mutation Rule no push/PR without approval | Comprehensive GSD-style plan with all f1 checklist items explicitly covered across slices. | J6: =COUNTIFS(Items!A:A,A6,Items!E:E,"TRUE")+COUNTIFS(Items!A:A,A6,Items!E:E,"FALSE") | K6: 14 | L6: =COUNTIFS(Items!A:A,A6,Items!F:F,"TRUE")+IF(OR(F6="TRUE",G6="TRUE"),1,0) | M6: =IF(K6=0,"",J6/K6)
A7: 90e468b4 | B7: f1 | C7: benchmark/runs/abp-v1/human_sheets/plans/90e468b4 | D7: TRUE | E7: TRUE | F7: FALSE | G7: FALSE | H7: depth: Structured proposal → design → spec → tasks with S01/S02/S03 milestones and checkbox tasks with inputs/outputs/validate | guardrails: proposal.md + tasks.md: Task Handoff Gate (pause after each task), Remote Mutation Rule (no push/PR without approval), tasks.md Stop: "Do not implement until explicit human approval" | Comprehensive locked-SPEC plan; all f1 checklist items explicitly covered in spec.md and tasks.md | J7: =COUNTIFS(Items!A:A,A7,Items!E:E,"TRUE")+COUNTIFS(Items!A:A,A7,Items!E:E,"FALSE") | K7: 14 | L7: =COUNTIFS(Items!A:A,A7,Items!F:F,"TRUE")+IF(OR(F7="TRUE",G7="TRUE"),1,0) | M7: =IF(K7=0,"",J7/K7)
A8: 9800bf3f | B8: f1 | C8: benchmark/runs/abp-v1/human_sheets/plans/9800bf3f | D8: TRUE | E8: TRUE | F8: FALSE | G8: FALSE | H8: depth: Milestone ROADMAP with S01–S03 slices; each slice has numbered tasks with inputs, outputs, validation gates, and DoD | guardrails: ROADMAP + slice plans: Task Handoff Gate (wait for 'do next'), Remote Mutation Rule (no push/PR without approval), human approval before commit | Comprehensive f1 plan covering all checklist items with slice/task structure; planning-only session with explicit stop gate | J8: =COUNTIFS(Items!A:A,A8,Items!E:E,"TRUE")+COUNTIFS(Items!A:A,A8,Items!E:E,"FALSE") | K8: 14 | L8: =COUNTIFS(Items!A:A,A8,Items!F:F,"TRUE")+IF(OR(F8="TRUE",G8="TRUE"),1,0) | M8: =IF(K8=0,"",J8/K8)
A9: c6e23d9c | B9: f1 | C9: benchmark/runs/abp-v1/human_sheets/plans/c6e23d9c | D9: TRUE | E9: TRUE | F9: FALSE | G9: FALSE | H9: depth: Numbered task sections 1–7 with validation gates, input/output per task, plus proposal/design/spec artifacts | guardrails: tasks.md: Task Handoff Gate (pause for do next), Commit Gate, Remote Mutation Rule (no push/PR without approval) | Comprehensive OpenSpec-style plan; all f1 checklist items explicitly covered with implementable task breakdown. | J9: =COUNTIFS(Items!A:A,A9,Items!E:E,"TRUE")+COUNTIFS(Items!A:A,A9,Items!E:E,"FALSE") | K9: 14 | L9: =COUNTIFS(Items!A:A,A9,Items!F:F,"TRUE")+IF(OR(F9="TRUE",G9="TRUE"),1,0) | M9: =IF(K9=0,"",J9/K9)
A10: d01b78f9 | B10: f1 | C10: benchmark/runs/abp-v1/human_sheets/plans/d01b78f9 | D10: TRUE | E10: TRUE | F10: FALSE | G10: FALSE | H10: depth: Three phases (A/B/C) with 16 numbered steps, module layout, schema, and separate TEST_PLAN.md | guardrails: IMPLEMENTATION_PLAN.md: Planning only — do not implement in the benchmark session | Comprehensive f1 plan covering all checklist items with explicit steps and test cases; human should spot-check. | J10: =COUNTIFS(Items!A:A,A10,Items!E:E,"TRUE")+COUNTIFS(Items!A:A,A10,Items!E:E,"FALSE") | K10: 14 | L10: =COUNTIFS(Items!A:A,A10,Items!F:F,"TRUE")+IF(OR(F10="TRUE",G10="TRUE"),1,0) | M10: =IF(K10=0,"",J10/K10)
A11: d3b435ee | B11: f1 | C11: benchmark/runs/abp-v1/human_sheets/plans/d3b435ee | D11: TRUE | E11: TRUE | F11: FALSE | G11: FALSE | H11: depth: 15 ordered implementation steps with module layout, schema, per-endpoint specs, and validation gates | guardrails: Planning-only / do not implement in benchmark session stated; no explicit approval-before-coding or no-push/PR rule | Locked f1 native plan with comprehensive IMPLEMENTATION_PLAN and TEST_PLAN; all checklist endpoints and behaviors explicitly specified. | J11: =COUNTIFS(Items!A:A,A11,Items!E:E,"TRUE")+COUNTIFS(Items!A:A,A11,Items!E:E,"FALSE") | K11: 14 | L11: =COUNTIFS(Items!A:A,A11,Items!F:F,"TRUE")+IF(OR(F11="TRUE",G11="TRUE"),1,0) | M11: =IF(K11=0,"",J11/K11)
A12: e568d82c | B12: f1 | C12: benchmark/runs/abp-v1/human_sheets/plans/e568d82c | D12: TRUE | E12: TRUE | F12: FALSE | G12: FALSE | H12: depth: Seven numbered task groups with checkbox items, inputs/outputs, and validation gates (tasks.md sections 1–7). | guardrails: design.md/tasks.md: Task Handoff Gate (pause after each task, wait for `do next`); Remote Mutation Rule (no push/PR without explicit user approval). | Comprehensive OpenSpec-style plan with proposal, spec, design, and granular tasks; all f1 checklist items explicitly covered. | J12: =COUNTIFS(Items!A:A,A12,Items!E:E,"TRUE")+COUNTIFS(Items!A:A,A12,Items!E:E,"FALSE") | K12: 14 | L12: =COUNTIFS(Items!A:A,A12,Items!F:F,"TRUE")+IF(OR(F12="TRUE",G12="TRUE"),1,0) | M12: =IF(K12=0,"",J12/K12)
A13: e8a975ba | B13: f1 | C13: benchmark/runs/abp-v1/human_sheets/plans/e8a975ba | D13: TRUE | E13: TRUE | F13: FALSE | G13: FALSE | H13: depth: Milestone → 3 slices (S01–S03) → tasks with files, DoD, and verification commands | guardrails: 04-ROADMAP.md: 'human approval before execution'; Task Handoff Gate (pause, wait for do next); Remote Mutation Rule (no push/PR without approval) | All f1 checklist items explicitly covered across roadmap and slice plans; no items flagged for review. | J13: =COUNTIFS(Items!A:A,A13,Items!E:E,"TRUE")+COUNTIFS(Items!A:A,A13,Items!E:E,"FALSE") | K13: 14 | L13: =COUNTIFS(Items!A:A,A13,Items!F:F,"TRUE")+IF(OR(F13="TRUE",G13="TRUE"),1,0) | M13: =IF(K13=0,"",J13/K13)
... A25: fb39e57a | B25: f2 | C25: benchmark/runs/abp-v1/human_sheets/plans/fb39e57a | D25: TRUE | E25: TRUE | F25: FALSE | G25: FALSE | H25: depth: ROADMAP with S01–S03 slices; each slice plan has numbered tasks, files, and verification steps | guardrails: Task Handoff Gate (pause, wait for do next); Remote Mutation Rule (no push/PR without approval); completion condition requires human approval before execution | f2 plan resolves ambiguity via CLARIFICATIONS.md and covers all decision checklist items with concrete slice/task detail | J25: =COUNTIFS(Items!A:A,A25,Items!E:E,"TRUE")+COUNTIFS(Items!A:A,A25,Items!E:E,"FALSE") | K25: 9 | L25: =COUNTIFS(Items!A:A,A25,Items!F:F,"TRUE")+IF(OR(F25="TRUE",G25="TRUE"),1,0) | M25: =IF(K25=0,"",J25/K25)

Sheet Items
A1: Blind ID | B1: Fixture | C1: Item ID | D1: What to look for in the plan | E1: Present | F1: needs_review | G1: agent_note | H1: evidence
A2: 0d44568b | B2: f1 | C2: req.stack | D2: Rust Axum Tokio SQLite sqlx | E2: TRUE | F2: FALSE | H2: DESIGN_SUMMARY.md: "Axum + Tokio + sqlx SQLite"; 03-01-PLAN.md T01: axum, tokio, sqlx (sqlite + runtime + migrate)
A3: 0d44568b | B3: f1 | C3: req.model | D3: Todo fields id title completed created_at updated_at | E3: TRUE | F3: FALSE | H3: 03-01-PLAN.md Must-Haves: "todos with id/title/completed/created_at/updated_at"; 03-02-PLAN.md T01: Todo JSON shape (id, title, completed, created_at/updated_at)
A4: 0d44568b | B4: f1 | C4: req.post | D4: POST /todos create 201 | E4: TRUE | F4: FALSE | H4: 03-02-PLAN.md T02: "POST /todos: body {title, completed?}; ... 201 full Todo"
A5: 0d44568b | B5: f1 | C5: req.get_list | D5: GET /todos list | E5: TRUE | F5: FALSE | H5: 03-02-PLAN.md T02: "GET /todos: optional completed=true|false; 200 array"
A6: 0d44568b | B6: f1 | C6: req.filter | D6: completed query filter | E6: TRUE | F6: FALSE | H6: 03-02-PLAN.md T02: "GET /todos: optional completed=true|false"; 03-ROADMAP.md: "completion filter"
A7: 0d44568b | B7: f1 | C7: req.get_one | D7: GET /todos/:id | E7: TRUE | F7: FALSE | H7: 03-02-PLAN.md T02: "GET /todos/:id: 200 or 404 not_found"
A8: 0d44568b | B8: f1 | C8: req.patch | D8: PATCH /todos/:id | E8: TRUE | F8: FALSE | H8: 03-02-PLAN.md T03: "PATCH /todos/:id: subset of title/completed; ... 200 or 404"
A9: 0d44568b | B9: f1 | C9: req.delete | D9: DELETE /todos/:id 204 | E9: TRUE | F9: FALSE | H9: 03-02-PLAN.md T03: "DELETE /todos/:id: 204 empty body or 404"
A10: 0d44568b | B10: f1 | C10: req.validation | D10: title validation 1..=200 | E10: TRUE | F10: FALSE | H10: 03-02-PLAN.md T01: "Title trim + length 1..=200 helper"; T02: "400 validation_error for empty/whitespace/overlong title"
A11: 0d44568b | B11: f1 | C11: req.errors | D11: error JSON code message | E11: TRUE | F11: FALSE | H11: 03-02-PLAN.md T01: "Shared ApiError → {error:{code,message}} with validation_error, not_found, internal_error"
A12: 0d44568b | B12: f1 | C12: req.migrations | D12: sqlx migrations on startup | E12: TRUE | F12: FALSE | H12: 03-01-PLAN.md T02: "run migrations on startup"; 03-ROADMAP.md: "SQLite schema applied via sqlx migrations on startup"
A13: 0d44568b | B13: f1 | C13: req.config | D13: DATABASE_URL HOST PORT | E13: TRUE | F13: FALSE | H13: 03-01-PLAN.md T02: "Read HOST (default 127.0.0.1), PORT (default 8080), DATABASE_URL (default sqlite:todos.db)"
... A277: fb39e57a | B277: f2 | C277: dec.oos | D277: excludes auth UI pagination as required | E277: TRUE | F277: FALSE | H277: CLARIFICATIONS.md out of scope: "No auth... UI... pagination beyond completed filter"; 05-ROADMAP boundary: "Out of scope: Auth... pagination/sorting... UI client"

Sheet Legend
A1: Legend
A3: Yellow + blue | B3: Your official inputs
A4: Amber needs_review / agent_note | B4: Review queue — fill Present, then set needs_review=FALSE
A6: Filter tip | B6: On Items: filter needs_review column = TRUE to see only the queue.
